<?xml version="1.0" encoding="UTF-8" ?>
<!DOCTYPE mapper
		PUBLIC "-//mybatis.org//DTD Mapper 3.0//EN"
		"http://mybatis.org/dtd/mybatis-3-mapper.dtd">
<!-- namespace：当前XML文件用于配置哪个接口中抽象方法对应的SQL语句 -->
<mapper namespace="cn.seu.store.mapper.AddressMapper">

	<!-- 基于用户id查询用户最后更新的一条收货地址记录 -->
	<!-- Address getLastModified(Integer userId) -->
	<select id="getLastModified" resultMap="addressMap">
		select
			*
		from
			t_address
		where
			user_id=#{userId}
		order by
			modified_time desc
		limit 0,1;
	</select>

	<!-- 基于地址id删除一条地址记录 -->
	<!-- Integer deleteById(Integer id) -->
	<delete id="deleteById">
		delete from
		t_address
		where
		id=#{id}
	</delete>

	<!-- 将一条收货地址设为默认收货地址 -->
	<!-- Integer updateDefault(
            @Param("id") Integer id,
            @Param("username") String username,
            @Param("modifiedTime") Date modifiedTime) -->
	<update id="updateDefault">
		update
			t_address
		set
			is_default=1,
			modified_user=#{username},
			modified_time=#{modifiedTime}
		where
			id=#{id};
	</update>

	<!-- 将一个用户的所有收货地址设为非默认 -->
	<!-- Integer updateNonDefault(Integer userId) -->
	<update id="updateNonDefault">
		update
			t_address
		set
			is_default=0
		where
			user_id=#{userId};
	</update>

	<!-- 根据aid查询一条收货地址数据 -->
	<!-- Address getById(Integer id) -->
	<select id="getById" resultMap="addressMap">
		select
			*
		from
			t_address
		where
			id=#{id}
	</select>


	<resultMap id="addressMap" type="cn.seu.store.entity.Address">
		<id column="id" property="id" />
		<result column="user_id" property="userId" />
		<result column="name" property="name" />
		<result column="province_name" property="provinceName" />
		<result column="province_code" property="provinceCode" />
		<result column="city_name" property="cityName" />
		<result column="city_code" property="cityCode" />
		<result column="area_name" property="areaName" />
		<result column="area_code" property="areaCode" />
		<result column="zip" property="zip" />
		<result column="address" property="address" />
		<result column="phone" property="phone" />
		<result column="tel" property="tel" />
		<result column="tag" property="tag" />
		<result column="is_default" property="isDefault" />
		<result column="created_user" property="createdUser" />
		<result column="created_time" property="createdTime" />
		<result column="modified_user" property="modifiedUser" />
		<result column="modified_time" property="modifiedTime" />
	</resultMap>

	<!--基于用户id查询收货地址列表-->
	<!--List<Address> listByUserId(Integer userId)-->
	<select id="listByUserId"
			resultMap="addressMap">
		select
			*
		from
			t_address
		where
			user_id=#{userId}
		order by
			is_default desc,
			modified_time desc;
	</select>

	<!-- 新增收货地址 -->
	<!-- Integer saveAddress(Address address) -->
	<insert id="saveAddress" useGeneratedKeys="true"
			keyProperty="id">
		INSERT INTO t_address(
			user_id, name,
			province_name, province_code,
			city_name, city_code,
			area_name, area_code,
			zip, address,
			phone, tel,
			tag, is_default,
			created_user, created_time,
			modified_user, modified_time
		)VALUES(
			#{userId}, #{name},
			#{provinceName}, #{provinceCode},
			#{cityName}, #{cityCode},
			#{areaName}, #{areaCode},
			#{zip}, #{address},
			#{phone}, #{tel},
			#{tag}, #{isDefault},
			#{createdUser}, now(),
			#{modifiedUser}, now()
		)
	</insert>

	<!--更新收货地址-->
	<!--Integer updateAddress(Address address)-->
	<update id="updateAddress">
		update
			t_address
		set
			user_id=#{userId}, name=#{name},
			province_name=#{provinceName}, province_code=#{provinceCode},
			city_name=#{cityName}, city_code=#{cityCode},
			area_name=#{areaName}, area_code=#{areaCode},
			zip=#{zip}, address=#{address},
			phone=#{phone}, tel=#{tel},
			tag=#{tag}, is_default=#{isDefault},
			created_user=#{createdUser}, created_time=#{createdTime},
			modified_user=#{modifiedUser}, modified_time=now()
		where
			id=#{id}
	</update>

	<!-- 查询用户收货地址条数 -->
	<!-- Integer countByUserId(Integer userId) -->
	<select id="countByUserId" resultType="java.lang.Integer">
		SELECT
			count(*)
		FROM
			t_address
		WHERE
			user_id=#{userId}
	</select>

</mapper>
