<?xml version="1.0" encoding="UTF-8" ?>
<!DOCTYPE mapper
        PUBLIC "-//mybatis.org//DTD Mapper 3.0//EN"
        "http://mybatis.org/dtd/mybatis-3-mapper.dtd">
<!-- namespace：当前XML文件用于配置哪个接口中抽象方法对应的SQL语句 -->
<mapper namespace="cn.seu.store.mapper.FavoriteMapper">
    <resultMap id="favoriteMap" type="cn.seu.store.entity.Favorite">
        <id column="id" property="id" />
        <result column="user_id" property="userId" />
        <result column="product_id" property="productId" />
        <result column="created_user" property="createdUser" />
        <result column="created_time" property="createdTime" />
        <result column="modified_user" property="modifiedUser" />
        <result column="modified_time" property="modifiedTime" />
    </resultMap>

    <!--基于用户id查询所有收藏记录-->
    <!--List<FavoriteVO> getFavoriteList(Integer uid);-->
    <select id="getFavoriteList" resultType="cn.seu.store.entity.FavoriteVO">
        select
            tf.id as fid, tf.user_id as uid, tf.product_id as pid,
            tp.title, tp.image, tp.price
        from
            t_favorite tf left join t_product tp
        on
            tf.product_id = tp.id
        where
            tf.user_id = #{uid}
        order
            by tf.modified_time desc;
    </select>

    <!--基于用户id和商品id查询收藏记录-->
    <!--Favorite getByUidAndPid(@Param("uid") Integer uid,
                                @Param("pid") Integer pid);-->
    <select id="getByUidAndPid" resultMap="favoriteMap">
        select * from t_favorite
        where user_id=#{uid} and product_id=#{pid}
    </select>

    <!--添加一条收藏记录-->
    <!--Integer insertFavorite(Favorite favorite)-->
    <insert id="insertFavorite">
        insert into t_favorite(
            user_id, product_id,
            created_user, created_time,
            modified_user, modified_time
        ) values (
            #{userId}, #{productId},
            #{createdUser}, now(),
            #{modifiedUser}, now()
        )
    </insert>

    <!--更新一条收藏记录-->
    <!--Integer updateFavorite(@Param("fid") Integer fid,
                               @Param("username") String username);-->
    <update id="updateFavorite">
        update t_favorite
        set modified_user=#{username}, modified_time=now()
        where id=#{fid}
    </update>

    <!--基于用户id和商品id删除一条收藏记录-->
    <!--Integer deleteFavoriteByUidAndPid(@Param("uid") Integer uid,
                                          @Param("pid") Integer pid);-->
    <delete id="deleteFavoriteByUidAndPid">
        delete from t_favorite
        where user_id=#{uid} and product_id=#{pid}
    </delete>
</mapper>