<?xml version="1.0" encoding="UTF-8" ?>
<!DOCTYPE mapper
		PUBLIC "-//mybatis.org//DTD Mapper 3.0//EN"
		"http://mybatis.org/dtd/mybatis-3-mapper.dtd">
<!-- namespace：当前XML文件用于配置哪个接口中抽象方法对应的SQL语句 -->
<mapper namespace="cn.seu.store.mapper.OrderMapper">

	<!--基于用户id查询该用户所有订单记录-->
	<!-- List<Order> listByUid(Integer uid)-->
	<select id="listByUid" resultMap="orderMap">
		select
			t1.*, t2.id as tid,
			t2.order_id as order_id, t2.product_id as product_id,
			t2.num as num, t2.price as price,
			t2.image as image, t2.title as title
		from
			t_order t1 join t_order_item t2
		on
			t1.id=t2.order_id
		where
			t1.user_id=#{uid}
		order by
			created_time desc
	</select>

	<!--基于订单id修改订单状态-->
	<!-- Integer updateStatus(
            @Param("id") Integer id,
            @Param("status") Integer status,
            @Param("username") String username,
            @Param("modifiedTime") Date modifiedTime)-->
	<update id="updateStatus">
		update
			t_order
		set
			status=#{status},
			modified_user=#{username},
			modified_time=#{modifiedTime}
		where
			id=#{id}
	</update>

	<!--基于订单id支付订单-->
	<!--Integer payOrder(
			@Param("id") Integer id,
			@Param("payTime") Date payTime,
			@Param("username") String username,
			@Param("modifiedTime") Date modifiedTime);-->
	<update id="payOrder">
		update
			t_order
		set
			status = 1,
			pay_time = #{payTime},
			modified_user = #{username},
			modified_time = #{modifiedTime}
		where
			id = #{id}
	</update>

	<!--基于订单id查询订单数据-->
	<!--Order getById(Integer id)-->
	<select id="getById" resultMap="orderMap">
		select
			t1.*, t2.id as tid,
			t2.order_id as order_id, t2.product_id as product_id,
			t2.num as num, t2.price as price,
			t2.image as image, t2.title as title
		from
			t_order t1 join t_order_item t2
		on
			t1.id=t2.order_id
		where
			t1.id=#{id}
	</select>

	<resultMap id="orderMap" type="cn.seu.store.entity.Order">
		<id column="id" property="id" />
		<result column="user_id" property="userId" />
		<result column="recv_name" property="recvName" />
		<result column="recv_phone" property="recvPhone" />
		<result column="recv_province" property="recvProvince" />
		<result column="recv_city" property="recvCity" />
		<result column="recv_area" property="recvArea" />
		<result column="recv_address" property="recvAddress" />
		<result column="status" property="status" />
		<result column="total_price" property="totalPrice" />
		<result column="order_time" property="orderTime" />
		<result column="pay_time" property="payTime" />
		<result column="is_delete" property="isDelete" />
		<result column="created_user" property="createdUser" />
		<result column="created_time" property="createdTime" />
		<result column="modified_user" property="modifiedUser" />
		<result column="modified_time" property="modifiedTime" />
		<collection property="orderItems" ofType="cn.seu.store.entity.OrderItem">
			<id column="tid" property="id" />
			<result column="order_id" property="orderId" />
			<result column="product_id" property="productId" />
			<result column="num" property="num" />
			<result column="price" property="price" />
			<result column="image" property="image" />
			<result column="title" property="title" />
		</collection>
	</resultMap>

	<!--添加一条订单记录-->
	<!--Integer insertOrder(Order order)-->
	<!--让MyBatis返回数据库生成的订单id-->
	<insert id="insertOrder"
			useGeneratedKeys="true" keyProperty="id">
		insert into t_order(
			user_id, recv_name,
			recv_phone, recv_province,
			recv_city, recv_area,
			recv_address,status,
			total_price, order_time,
			pay_time, is_delete,
			created_user, created_time,
			modified_user, modified_time
		)values(
			#{userId}, #{recvName},
			#{recvPhone}, #{recvProvince},
			#{recvCity}, #{recvArea},
			#{recvAddress}, #{status},
			#{totalPrice}, now(),
			#{payTime}, #{isDelete},
			#{createdUser}, now(),
			#{modifiedUser}, now()
		)
	</insert>

	<!--添加一条订单项记录-->
	<!--Integer insertOrderItem(OrderItem orderItem)-->
	<insert id="insertOrderItem">
		insert into t_order_item(
			order_id, product_id,
			num, price,
			image,title,
			created_user, created_time,
			modified_user, modified_time
		)values (
			#{orderId}, #{productId},
			#{num}, #{price},
			#{image}, #{title},
			#{createdUser}, now(),
			#{modifiedUser}, now()
		)
	</insert>

</mapper>
