<?xml version="1.0" encoding="UTF-8" ?>
<!DOCTYPE mapper
		PUBLIC "-//mybatis.org//DTD Mapper 3.0//EN"
		"http://mybatis.org/dtd/mybatis-3-mapper.dtd">
<!-- namespace：当前XML文件用于配置哪个接口中抽象方法对应的SQL语句 -->
<mapper namespace="cn.seu.store.mapper.UserMapper">

	<!-- 更新用户头像信息 -->
	<!-- 	Integer updateAvatar(
            @Param("id") Integer id,
            @Param("avatar") String avatar,
            @Param("modifiedUser") String modifiedUser,
            @Param("modifiedTime") Date modifiedTime);  -->
	<update id="updateAvatar">
		update
			t_user
		set
			avatar=#{avatar},
			modified_user=#{modifiedUser},
			modified_time=#{modifiedTime}
		where
			id=#{id}
	</update>

	<!--基于用户id查询用户信息-->
	<!--User getById(Integer id)-->
	<select id="getById" resultMap="userMap">
		select
			phone, email, gender, is_delete
		from
			t_user
		where
			id=#{id}
	</select>

	<!--更新用户信息-->
	<!--Integer updateInfo(User user)-->
	<update id="updateInfo">
		update
			t_user
		set
			phone=#{phone}, email=#{email}, gender=#{gender}, modified_user=#{modifiedUser}, modified_time=#{modifiedTime}
		where
			id=#{id}
	</update>

	<!--基于用户id更新用户密码-->
	<!--Integer updatePassword(@Param("id") Integer id,
                               @Param("password")String password,
                               @Param("modifiedUser")String modifiedUser,
                               @Param("modifiedTime")Date modifiedTime)-->
	<update id="updatePassword">
		update
			t_user
		set
			password=#{password},
			modified_user=#{modifiedUser},
			modified_time=#{modifiedTime}
		where
			id=#{id}
	</update>

	<!--添加一条用户记录-->
	<!--Integer insertUser(User user)-->
	<insert id="insertUser">
		insert into t_user(
		username, password,
		salt, is_delete,
		phone, email,
		gender, avatar,
		created_user,created_time,
		modified_user,modified_time
		)values(
		#{username}, #{password},
		#{salt}, #{isDelete},
		#{phone}, #{email},
		#{gender}, #{avatar},
		#{createdUser},now(),
		#{modifiedUser},now()
		)
	</insert>

	<resultMap id="userMap" type="cn.seu.store.entity.User">
		<id column="id" property="id" />
		<result column="username" property="username" />
		<result column="password" property="password" />
		<result column="salt" property="salt" />
		<result column="is_delete" property="isDelete" />
		<result column="phone" property="phone" />
		<result column="email" property="email" />
		<result column="gender" property="gender" />
		<result column="avatar" property="avatar" />
		<result column="created_user" property="createdUser" />
		<result column="created_time" property="createdTime" />
		<result column="modified_user" property="modifiedUser" />
		<result column="modified_time" property="modifiedTime" />
	</resultMap>

	<!--基于用户名查询用户记录-->
	<!--User getByUsername(String username)-->
	<select id="getByUsername" resultMap="userMap">
		SELECT
			id, username,
			password, avatar,
			salt, is_delete
		FROM
			t_user
		WHERE
			username=#{username}
	</select>


</mapper>






