<?xml version="1.0" encoding="UTF-8" ?>
<!DOCTYPE mapper
		PUBLIC "-//mybatis.org//DTD Mapper 3.0//EN"
		"http://mybatis.org/dtd/mybatis-3-mapper.dtd">
<!-- namespace：当前XML文件用于配置哪个接口中抽象方法对应的SQL语句 -->
<mapper namespace="cn.seu.store.mapper.UserOptMapper">

	<!--基于用户id查询近7天访问最多的商品种类id-->
	<!--Integer getCidByUid(Integer uid)-->
	<select id="getCidByUid" resultType="java.lang.Integer">
		select
			category_id
		from
			t_opt
		where
			DATEDIFF(CURDATE(), DATE(created_time)) &lt; 7
		and
			user_id=#{uid}
		group by
			category_id
		order by
			count(*) desc
		limit 1
	</select>

	<!--一次性插入多条用户操作记录-->
	<!--int insertOpts(List<UserOpt> opts)-->
	<insert id="insertOpts" >
		insert into t_opt(
			user_id, product_id, category_id, type, created_time
		)values
		<foreach collection="opts" item="opt" separator=",">
			(#{opt.userId},#{opt.productId},#{opt.categoryId},#{opt.type},now())
		</foreach>
	</insert>


	<!--添加一条用户操作记录-->
	<!--int insertOpt(UserOpt opt)-->
	<insert id="insertOpt" >
		insert into t_opt(
			user_id, product_id, category_id, type, created_time
		)values(
			#{userId},#{productId},#{categoryId},#{type},now()
		)
	</insert>

	<resultMap id="userOptMap" type="cn.seu.store.entity.UserOpt">
		<id column="id" property="id" />
		<result column="user_id" property="userId" />
		<result column="product_id" property="productId" />
		<result column="category_id" property="categoryId" />
		<result column="type" property="type" />
		<result column="created_time" property="createdTime" />
	</resultMap>

	<!--基于用户id查询最近的行为记录-->
	<!--List<UserOpt> getUserOptsByUid(@Param("uid") Integer uid)-->
	<select id="getUserOptsByUid" resultMap="userOptMap">
		select
			*
		from
			t_opt
		where
			user_id=#{uid}
		order by
			created_time
		desc
		limit 0, 20
	</select>

	<!--获取用户行为量最多的商品id-->
	<!--Integer getMostOptProductId(@Param("type") String type)-->
	<select id="getMostOptProductId" resultType="java.lang.Integer">
		select
			tp.id
		from
			t_product tp, (
				select
					product_id, category_id, count(*) num
				from
					t_opt to2
				where
					`type`=#{type}
				group by product_id
				order by num desc limit 0,1
			) temp
		where
			tp.id = temp.product_id
	</select>
</mapper>






